CL10		Biomes of America	https://www.warzone.com/MultiPlayer?GameID=15389367	2018-04-10 01:53:01+00:00	Timinator ‚Ä¢ apex	816809922	Motoki	6862295334	Automatix	8245968289	johnmd20	6519357283	vicnus	7017875632	Jef	8823101925
CL10		Biomes of America	https://www.warzone.com/MultiPlayer?GameID=15389368	2018-04-10 01:53:04+00:00	awesomeusername	3642846844	Mikaela	3680301553	linberson	9020236167	hobo	239359818	AyanM	3428471447	Jo Jo	3985039665
CL10		Biomes of America	https://www.warzone.com/MultiPlayer?GameID=15389371	2018-04-10 01:53:08+00:00	malakkan	257509174	Muli	2211733141	Adreso	3623400087	Bonsai	5654719779	Edge	7432342455	aoc	7664725930
CL10		Biomes of America	https://www.warzone.com/MultiPlayer?GameID=15389943	2018-04-10 04:56:16+00:00	dry-clean-only	4419488318	TianO	6683773917	Tr4gic	6812791082	Hunta	789393739	ppface	3429934354	ARand0mPlayer	7710521647
CL10		Biomes of America	https://www.warzone.com/MultiPlayer?GameID=15389944	2018-04-10 04:56:19+00:00	[WG] Reza	398976518	Andersault	623193338	Verzehrer	8820746826	MGO	2791412802	Aura Guardian	4127329486	MrTrolldemort	4290937787
CL10		Biomes of America	https://www.warzone.com/MultiPlayer?GameID=15389945	2018-04-10 04:56:22+00:00	Waddles	2863984406	max‚Ñ¢	7582497910	ssese	9034641482	[ARM]BelSon	2362005298	Gus squared	8061186947	(deleted)	9673505981
CL10		Biomes of America	https://www.warzone.com/MultiPlayer?GameID=15560263	2018-05-05 00:03:13+00:00	ZeroBlindDragon	1052028219	Octane	3062174051	alexclusive	7733320768	Timinator ‚Ä¢ apex	816809922	Motoki	6862295334	Automatix	8245968289
CL10		Biomes of America	https://www.warzone.com/MultiPlayer?GameID=15560265	2018-05-05 00:03:14+00:00	awesomeusername	3642846844	Mikaela	3680301553	linberson	9020236167	Bonsai	5654719779	Edge	7432342455	aoc	7664725930
CL10		Biomes of America	https://www.warzone.com/MultiPlayer?GameID=15560266	2018-05-05 00:03:15+00:00	malakkan	257509174	Muli	2211733141	Adreso	3623400087	johnmd20	6519357283	vicnus	7017875632	Jef	8823101925
CL10		Biomes of America	https://www.warzone.com/MultiPlayer?GameID=15560272	2018-05-05 00:04:15+00:00	[WG] Reza	398976518	Andersault	623193338	Verzehrer	8820746826	Hunta	789393739	ppface	3429934354	ARand0mPlayer	7710521647
CL10		Biomes of America	https://www.warzone.com/MultiPlayer?GameID=15560273	2018-05-05 00:04:17+00:00	dry-clean-only	4419488318	TianO	6683773917	Tr4gic	6812791082	[ARM]BelSon	2362005298	Gus squared	8061186947	(deleted)	9673505981
CL10		Biomes of America	https://www.warzone.com/MultiPlayer?GameID=15560274	2018-05-05 00:04:18+00:00	Waddles	2863984406	max‚Ñ¢	7582497910	ssese	9034641482	MGO	2791412802	Aura Guardian	4127329486	MrTrolldemort	4290937787
CL10		Biomes of America	https://www.warzone.com/MultiPlayer?GameID=15730347	2018-05-30 00:01:01+00:00	Timinator ‚Ä¢ apex	816809922	Motoki	6862295334	Automatix	8245968289	malakkan	257509174	Muli	2211733141	Adreso	3623400087
CL10		Biomes of America	https://www.warzone.com/MultiPlayer?GameID=15730348	2018-05-30 00:01:02+00:00	ZeroBlindDragon	1052028219	Octane	3062174051	alexclusive	7733320768	hobo	239359818	AyanM	3428471447	Jo Jo	3985039665
CL10		Biomes of America	https://www.warzone.com/MultiPlayer?GameID=15730349	2018-05-30 00:01:03+00:00	awesomeusername	3642846844	Mikaela	3680301553	linberson	9020236167	johnmd20	6519357283	vicnus	7017875632	Jef	8823101925
CL10		Biomes of America	https://www.warzone.com/MultiPlayer?GameID=15730360	2018-05-30 00:02:20+00:00	MGO	2791412802	Aura Guardian	4127329486	MrTrolldemort	4290937787	Hunta	789393739	ppface	3429934354	ARand0mPlayer	7710521647
CL10		Biomes of America	https://www.warzone.com/MultiPlayer?GameID=15730361	2018-05-30 00:02:22+00:00	Waddles	2863984406	max‚Ñ¢	7582497910	ssese	9034641482	dry-clean-only	4419488318	TianO	6683773917	Tr4gic	6812791082
CL10		Biomes of America	https://www.warzone.com/MultiPlayer?GameID=15730362	2018-05-30 00:02:23+00:00	[ARM]BelSon	2362005298	Gus squared	8061186947	(deleted)	9673505981	[WG] Reza	398976518	Andersault	623193338	Verzehrer	8820746826
CL10		Biomes of America	https://www.warzone.com/MultiPlayer?GameID=15891289	2018-06-24 01:14:00+00:00	malakkan	257509174	Muli	2211733141	Adreso	3623400087	hobo	239359818	Jo Jo	3985039665	Emu Pub	7938015187
CL10		Biomes of America	https://www.warzone.com/MultiPlayer?GameID=15891290	2018-06-24 01:14:01+00:00	Facetroll	689830983	Edge	7432342455	aoc	7664725930	johnmd20	6519357283	vicnus	7017875632	Jef	8823101925
CL10		Biomes of America	https://www.warzone.com/MultiPlayer?GameID=15891291	2018-06-24 01:14:02+00:00	awesomeusername	3642846844	fireice82	8439118486	linberson	9020236167	ZeroBlindDragon	1052028219	Octane	3062174051	alexclusive	7733320768
CL10		Biomes of America	https://www.warzone.com/MultiPlayer?GameID=15891303	2018-06-24 01:15:23+00:00	[ARM]BelSon	2362005298	Gus squared	8061186947	(deleted)	9673505981	Hunta	789393739	ppface	3429934354	ARand0mPlayer	7710521647
CL10		Biomes of America	https://www.warzone.com/MultiPlayer?GameID=15891304	2018-06-24 01:15:24+00:00	Waddles	2863984406	max‚Ñ¢	7582497910	ssese	9034641482	[WG] Reza	398976518	Andersault	623193338	Verzehrer	8820746826
CL10		Biomes of America	https://www.warzone.com/MultiPlayer?GameID=15891305	2018-06-24 01:15:26+00:00	MGO	2791412802	Aura Guardian	4127329486	MrTrolldemort	4290937787	dry-clean-only	4419488318	TianO	6683773917	Tr4gic	6812791082
CL10		Elitist Africa	https://www.warzone.com/MultiPlayer?GameID=15409880	2018-04-13 00:54:59+00:00	fireice82	8439118486					Cluster	7010496305				
CL10		Elitist Africa	https://www.warzone.com/MultiPlayer?GameID=15409881	2018-04-13 00:55:02+00:00	carlos12.0	7218885952					Muli	2211733141				
CL10		Elitist Africa	https://www.warzone.com/MultiPlayer?GameID=15409890	2018-04-13 00:56:15+00:00	[WG] Reza	398976518					Waka	4213603571				
CL10		Elitist Africa	https://www.warzone.com/MultiPlayer?GameID=15409893	2018-04-13 00:56:19+00:00	dry-clean-only	4419488318					Jackie Treehorn	637758013				
CL10		Elitist Africa	https://www.warzone.com/MultiPlayer?GameID=15409894	2018-04-13 00:56:21+00:00	max‚Ñ¢	7582497910					NanoMidget„Äêùìíùì°ùìîùì¶„Äë	9588129390				
CL10		Elitist Africa	https://www.warzone.com/MultiPlayer?GameID=15409903	2018-04-13 00:57:54+00:00	schwarz	6240091490					rlhull6	9146875040				
CL10		Elitist Africa	https://www.warzone.com/MultiPlayer?GameID=15409904	2018-04-13 00:57:57+00:00	Sherlock Holmes	8374518608					Xande38	2612780349				
CL10		Elitist Africa	https://www.warzone.com/MultiPlayer?GameID=15409905	2018-04-13 00:58:00+00:00	FC Bayern	9930995314					Stirax	3760894746				
CL10		Elitist Africa	https://www.warzone.com/MultiPlayer?GameID=15409914	2018-04-13 00:59:10+00:00	Dutch Desire	8510833623					Grievous_II	722901337				
CL10		Elitist Africa	https://www.warzone.com/MultiPlayer?GameID=15409915	2018-04-13 00:59:13+00:00	AlexB	7637725952					Coronel Gavilan	5842796420				
CL10		Elitist Africa	https://www.warzone.com/MultiPlayer?GameID=15409916	2018-04-13 00:59:16+00:00	Andre Laufm√∂ller	7648615946					randomperson	1916419701				
CL10		Elitist Africa	https://www.warzone.com/MultiPlayer?GameID=15409923	2018-04-13 01:00:27+00:00	{{NeRo}}	397429597					snife	8934061119				
CL10		Elitist Africa	https://www.warzone.com/MultiPlayer?GameID=15409924	2018-04-13 01:00:31+00:00	begin_2000	3027655493					Sandgroper	6874899030				
CL10		Elitist Africa	https://www.warzone.com/MultiPlayer?GameID=15409925	2018-04-13 01:00:34+00:00							THE AWESOME OTTERYCAT	1521643938	NecessaryEagle	962703243						
CL10		Elitist Africa	https://www.warzone.com/MultiPlayer?GameID=15439147	2018-04-17 06:27:02+00:00	Little-Mouse	4489866947					THE AWESOME OTTERYCAT	1521643938				
CL10		Elitist Africa	https://www.warzone.com/MultiPlayer?GameID=15478674	2018-04-23 02:11:53+00:00	master of desaster	2214950915					Muli	2211733141				
CL10		Elitist Africa	https://www.warzone.com/MultiPlayer?GameID=15478675	2018-04-23 02:11:54+00:00	Juan	6649400248					Cluster	7010496305				
CL10		Elitist Africa	https://www.warzone.com/MultiPlayer?GameID=15478676	2018-04-23 02:11:55+00:00	fireice82	8439118486					Pavluski	5619988369				
CL10		Elitist Africa	https://www.warzone.com/MultiPlayer?GameID=15478680	2018-04-23 02:13:04+00:00	dry-clean-only	4419488318					Waka	4213603571				
CL10		Elitist Africa	https://www.warzone.com/MultiPlayer?GameID=15478681	2018-04-23 02:13:05+00:00	[WG] Reza	398976518					dippy	5892225503				
CL10		Elitist Africa	https://www.warzone.com/MultiPlayer?GameID=15478682	2018-04-23 02:13:06+00:00	max‚Ñ¢	7582497910					Jackie Treehorn	637758013				
CL10		Elitist Africa	https://www.warzone.com/MultiPlayer?GameID=15478687	2018-04-23 02:14:05+00:00	schwarz	6240091490					Sherlock Holmes	8374518608				
CL10		Elitist Africa	https://www.warzone.com/MultiPlayer?GameID=15478688	2018-04-23 02:14:06+00:00	rlhull6	9146875040					Stirax	3760894746				
CL10		Elitist Africa	https://www.warzone.com/MultiPlayer?GameID=15478690	2018-04-23 02:14:52+00:00	Dutch Desire	8510833623					AlexB	7637725952				
CL10		Elitist Africa	https://www.warzone.com/MultiPlayer?GameID=15478692	2018-04-23 02:14:53+00:00	Andre Laufm√∂ller	7648615946					Grievous_II	722901337				
CL10		Elitist Africa	https://www.warzone.com/MultiPlayer?GameID=15478693	2018-04-23 02:14:54+00:00	Dr. Killa	2742475363					Coronel Gavilan	5842796420				
CL10		Elitist Africa	https://www.warzone.com/MultiPlayer?GameID=15478695	2018-04-23 02:15:44+00:00	{{NeRo}}	397429597					THE AWESOME OTTERYCAT	1521643938				
CL10		Elitist Africa	https://www.warzone.com/MultiPlayer?GameID=15478696	2018-04-23 02:15:45+00:00	Little-Mouse	4489866947					Sandgroper	6874899030				
CL10		Elitist Africa	https://www.warzone.com/MultiPlayer?GameID=15478697	2018-04-23 02:15:46+00:00	snife	8934061119					begin_2000	3027655493				
CL10		Elitist Africa	https://www.warzone.com/MultiPlayer?GameID=15546762	2018-05-03 00:02:18+00:00	master of desaster	2214950915					fireice82	8439118486				
CL10		Elitist Africa	https://www.warzone.com/MultiPlayer?GameID=15546763	2018-05-03 00:02:19+00:00	Juan	6649400248					Pavluski	5619988369				
CL10		Elitist Africa	https://www.warzone.com/MultiPlayer?GameID=15546764	2018-05-03 00:02:20+00:00	Cluster	7010496305					carlos12.0	7218885952				
CL10		Elitist Africa	https://www.warzone.com/MultiPlayer?GameID=15546766	2018-05-03 00:03:27+00:00	Jackie Treehorn	637758013					Waka	4213603571				
CL10		Elitist Africa	https://www.warzone.com/MultiPlayer?GameID=15546767	2018-05-03 00:03:28+00:00	max‚Ñ¢	7582497910					[WG] Reza	398976518				
CL10		Elitist Africa	https://www.warzone.com/MultiPlayer?GameID=15546768	2018-05-03 00:03:29+00:00	dry-clean-only	4419488318					dippy	5892225503				
CL10		Elitist Africa	https://www.warzone.com/MultiPlayer?GameID=15546774	2018-05-03 00:04:49+00:00	schwarz	6240091490					Stirax	3760894746				
CL10		Elitist Africa	https://www.warzone.com/MultiPlayer?GameID=15546775	2018-05-03 00:04:50+00:00	Sherlock Holmes	8374518608					FC Bayern	9930995314				
CL10		Elitist Africa	https://www.warzone.com/MultiPlayer?GameID=15546776	2018-05-03 00:04:51+00:00	Xande38	2612780349					rlhull6	9146875040				
CL10		Elitist Africa	https://www.warzone.com/MultiPlayer?GameID=15546782	2018-05-03 00:06:03+00:00	AlexB	7637725952					Grievous_II	722901337				
CL10		Elitist Africa	https://www.warzone.com/MultiPlayer?GameID=15546783	2018-05-03 00:06:04+00:00	Dr. Killa	2742475363					randomperson	1916419701				
CL10		Elitist Africa	https://www.warzone.com/MultiPlayer?GameID=15546784	2018-05-03 00:06:05+00:00	Andre Laufm√∂ller	7648615946					Coronel Gavilan	5842796420				
CL10		Elitist Africa	https://www.warzone.com/MultiPlayer?GameID=15546789	2018-05-03 00:07:25+00:00	begin_2000	3027655493					{{NeRo}}	397429597				
CL10		Elitist Africa	https://www.warzone.com/MultiPlayer?GameID=15546790	2018-05-03 00:07:26+00:00	Little-Mouse	4489866947					snife	8934061119				
CL10		Elitist Africa	https://www.warzone.com/MultiPlayer?GameID=15546791	2018-05-03 00:07:27+00:00	THE AWESOME OTTERYCAT	1521643938					Sandgroper	6874899030				
CL10		Elitist Africa	https://www.warzone.com/MultiPlayer?GameID=15615219	2018-05-13 01:46:00+00:00	Juan	6649400248					master of desaster	2214950915				
CL10		Elitist Africa	https://www.warzone.com/MultiPlayer?GameID=15615220	2018-05-13 01:46:01+00:00	carlos12.0	7218885952					fireice82	8439118486				
CL10		Elitist Africa	https://www.warzone.com/MultiPlayer?GameID=15615221	2018-05-13 01:46:03+00:00	Muli	2211733141					Pavluski	5619988369				
CL10		Elitist Africa	https://www.warzone.com/MultiPlayer?GameID=15615226	2018-05-13 01:47:29+00:00	max‚Ñ¢	7582497910					dry-clean-only	4419488318				
CL10		Elitist Africa	https://www.warzone.com/MultiPlayer?GameID=15615227	2018-05-13 01:47:30+00:00	[WG] Reza	398976518					Jackie Treehorn	637758013				
CL10		Elitist Africa	https://www.warzone.com/MultiPlayer?GameID=15615231	2018-05-13 01:48:44+00:00	schwarz	6240091490					FC Bayern	9930995314				
CL10		Elitist Africa	https://www.warzone.com/MultiPlayer?GameID=15615232	2018-05-13 01:48:45+00:00	Xande38	2612780349					Stirax	3760894746				
CL10		Elitist Africa	https://www.warzone.com/MultiPlayer?GameID=15615233	2018-05-13 01:48:46+00:00	Sherlock Holmes	8374518608					rlhull6	9146875040				
CL10		Elitist Africa	https://www.warzone.com/MultiPlayer?GameID=15615236	2018-05-13 01:49:46+00:00	Dutch Desire	8510833623					Coronel Gavilan	5842796420				
CL10		Elitist Africa	https://www.warzone.com/MultiPlayer?GameID=15615237	2018-05-13 01:49:47+00:00	Andre Laufm√∂ller	7648615946					Dr. Killa	2742475363				
CL10		Elitist Africa	https://www.warzone.com/MultiPlayer?GameID=15615238	2018-05-13 01:49:48+00:00	randomperson	1916419701					Grievous_II	722901337				
CL10		Elitist Africa	https://www.warzone.com/MultiPlayer?GameID=15615241	2018-05-13 01:50:51+00:00	{{NeRo}}	397429597					Little-Mouse	4489866947				
CL10		Elitist Africa	https://www.warzone.com/MultiPlayer?GameID=15615242	2018-05-13 01:50:52+00:00	THE AWESOME OTTERYCAT	1521643938					begin_2000	3027655493				
CL10		Elitist Africa	https://www.warzone.com/MultiPlayer?GameID=15615243	2018-05-13 01:50:53+00:00	snife	8934061119					Sandgroper	6874899030				
CL10		Elitist Africa	https://www.warzone.com/MultiPlayer?GameID=15683751	2018-05-23 02:21:30+00:00	Cluster	7010496305					Muli	2211733141				
CL10		Elitist Africa	https://www.warzone.com/MultiPlayer?GameID=15683753	2018-05-23 02:21:33+00:00	fireice82	8439118486					Juan	6649400248				
CL10		Elitist Africa	https://www.warzone.com/MultiPlayer?GameID=15683760	2018-05-23 02:22:50+00:00	max‚Ñ¢	7582497910					Waka	4213603571				
CL10		Elitist Africa	https://www.warzone.com/MultiPlayer?GameID=15683762	2018-05-23 02:22:52+00:00	[WG] Reza	398976518					dry-clean-only	4419488318				
CL10		Elitist Africa	https://www.warzone.com/MultiPlayer?GameID=15683768	2018-05-23 02:23:50+00:00	schwarz	6240091490					Xande38	2612780349				
CL10		Elitist Africa	https://www.warzone.com/MultiPlayer?GameID=15683769	2018-05-23 02:23:51+00:00	rlhull6	9146875040					FC Bayern	9930995314				
CL10		Elitist Africa	https://www.warzone.com/MultiPlayer?GameID=15683770	2018-05-23 02:23:52+00:00	Sherlock Holmes	8374518608					Stirax	3760894746				
CL10		Elitist Africa	https://www.warzone.com/MultiPlayer?GameID=15683774	2018-05-23 02:24:24+00:00	Dutch Desire	8510833623					randomperson	1916419701				
CL10		Elitist Africa	https://www.warzone.com/MultiPlayer?GameID=15688208	2018-05-23 18:22:29+00:00	{{NeRo}}	397429597					Sandgroper	6874899030				
CL10		Elitist Africa	https://www.warzone.com/MultiPlayer?GameID=15688209	2018-05-23 18:22:39+00:00	THE AWESOME OTTERYCAT	1521643938					snife	8934061119				
CL10		Elitist Africa	https://www.warzone.com/MultiPlayer?GameID=15688211	2018-05-23 18:22:45+00:00	Little-Mouse	4489866947					begin_2000	3027655493				
CL10		Elitist Africa	https://www.warzone.com/MultiPlayer?GameID=15688348	2018-05-23 18:44:01+00:00	Andre Laufm√∂ller	7648615946					AlexB	7637725952				
CL10		Elitist Africa	https://www.warzone.com/MultiPlayer?GameID=15751476	2018-06-02 01:19:02+00:00	master of desaster	2214950915					Cluster	7010496305				
CL10		Elitist Africa	https://www.warzone.com/MultiPlayer?GameID=15751477	2018-06-02 01:19:03+00:00	Muli	2211733141					fireice82	8439118486				
CL10		Elitist Africa	https://www.warzone.com/MultiPlayer?GameID=15751492	2018-06-02 01:21:50+00:00	Dutch Desire	8510833623					Andre Laufm√∂ller	7648615946				
CL10		Elitist Africa	https://www.warzone.com/MultiPlayer?GameID=15751493	2018-06-02 01:21:51+00:00	Coronel Gavilan	5842796420					randomperson	1916419701				
CL10		Elitist Africa	https://www.warzone.com/MultiPlayer?GameID=15751494	2018-06-02 01:21:52+00:00	Dr. Killa	2742475363					AlexB	7637725952				
CL10		Elitist Africa	https://www.warzone.com/MultiPlayer?GameID=15817197	2018-06-12 02:13:13+00:00	Muli	2211733141					Juan	6649400248				
CL10		Elitist Africa	https://www.warzone.com/MultiPlayer?GameID=15817198	2018-06-12 02:13:14+00:00	Pavluski	5619988369					Cluster	7010496305				
CL10		Elitist Africa	https://www.warzone.com/MultiPlayer?GameID=15817204	2018-06-12 02:15:01+00:00	Dutch Desire	8510833623					Dr. Killa	2742475363				
CL10		Elitist Africa	https://www.warzone.com/MultiPlayer?GameID=15817205	2018-06-12 02:15:02+00:00	randomperson	1916419701					AlexB	7637725952				
CL10		Europe	https://www.warzone.com/MultiPlayer?GameID=15375969	2018-04-08 05:07:58+00:00	Deadman	2428496679	Master Jz	4439722815	Motoki	6862295334	blobblob	1842167298	Melethron	5825114267	Beep Beep I'm A Jeep	6561482549
CL10		Europe	https://www.warzone.com/MultiPlayer?GameID=15375971	2018-04-08 05:08:01+00:00	Mike |GG|	369204969	MisterT	7714693552	Po1onius	7950097528	Beren Erchamion	314032996	Suschel	1658656882	Muli	2211733141
CL10		Europe	https://www.warzone.com/MultiPlayer?GameID=15375972	2018-04-08 05:08:05+00:00	Odin	868774213	Kezzo	3068515161	(deleted)	6559504553	ZeroBlindDragon	1052028219	Dom365	2715085443	Octane	3062174051
CL10		Europe	https://www.warzone.com/MultiPlayer?GameID=15375990	2018-04-08 05:11:44+00:00	Razor	69879585	‚îÇ [20] ‚îÇMASTER‚îÇ Rikku ‚îÇ I love my wife ‚îÇ ‚Ä¢ apex ‚îÇ	2969075806	TianO	6683773917	TheThedde	5712212036	Derfellios	6146168723	Benjamin628	9936698896
CL10		Europe	https://www.warzone.com/MultiPlayer?GameID=15375991	2018-04-08 05:11:47+00:00	[WG] Reza	398976518	ChrisCMU	999878954	Super Smoove	4555082823	MGO	2791412802	Aura Guardian	4127329486	MrTrolldemort	4290937787
CL10		Europe	https://www.warzone.com/MultiPlayer?GameID=15375992	2018-04-08 05:11:50+00:00	AquaHolic	673199141	Waddles	2863984406	rakleader	8136895102	BMT216A	4690262550	Gus squared	8061186947	(deleted)	9673505981
CL10		Europe	https://www.warzone.com/MultiPlayer?GameID=15376006	2018-04-08 05:13:46+00:00	Chafram	2151303325	Beno√Æt	2213363356	cj13	9357351102	Alexander the Great	426176670	Almir	3523197766	Timko666	7654483770
CL10		Europe	https://www.warzone.com/MultiPlayer?GameID=15376007	2018-04-08 05:13:48+00:00	Bigby	363935123	Vanguard	456561512	Botanator	633358359	pr0z4c	1535332095	Stormguard	1774909655	Totem	4683478894
CL10		Europe	https://www.warzone.com/MultiPlayer?GameID=15376008	2018-04-08 05:13:51+00:00	GuestNWHSzY	4732747463	anolis	4922323040	Olkani [PG]	5434190138	Vole	5811017620	Sherlock Holmes	8374518608	SubLunar Unit	9755066413
CL10		Europe	https://www.warzone.com/MultiPlayer?GameID=15376009	2018-04-08 05:13:52+00:00	Vole	5811017620	Sherlock Holmes	8374518608	SubLunar Unit	9755066413	Chafram	2151303325	Beno√Æt	2213363356	cj13	9357351102
CL10		Europe	https://www.warzone.com/MultiPlayer?GameID=15376010	2018-04-08 05:13:53+00:00	Bigby	363935123	Vanguard	456561512	Botanator	633358359	GuestNWHSzY	4732747463	anolis	4922323040	Olkani [PG]	5434190138
CL10		Europe	https://www.warzone.com/MultiPlayer?GameID=15376011	2018-04-08 05:13:55+00:00	pr0z4c	1535332095	Stormguard	1774909655	Totem	4683478894	Alexander the Great	426176670	Almir	3523197766	Timko666	7654483770
CL10		Europe	https://www.warzone.com/MultiPlayer?GameID=15376025	2018-04-08 05:15:19+00:00	psykkoman	5056337626	The Shots	5345602099	Baer	9150576307	Sakata Gintoki	1388752514	Parish75	7488609795	Diamond Perfume	8090244700
CL10		Europe	https://www.warzone.com/MultiPlayer?GameID=15376026	2018-04-08 05:15:22+00:00	Cicero XXII	2150672011	TurboTT117	3223047956	J.P.	7587331752	[V.I.W] recruiting time! Join us !	798256841	Le Count H	6810816777	Andre Laufm√∂ller	7648615946
CL10		Europe	https://www.warzone.com/MultiPlayer?GameID=15376027	2018-04-08 05:15:25+00:00	Grievous_II	722901337	ACL Tears	6511512218	JT	6611562592	Dr. Killa	2742475363	Jayden	6464042596	Bomber the Undying	9535793775
CL10		Europe	https://www.warzone.com/MultiPlayer?GameID=15376028	2018-04-08 05:15:26+00:00	psykkoman	5056337626	The Shots	5345602099	Baer	9150576307	Cicero XXII	2150672011	TurboTT117	3223047956	J.P.	7587331752
CL10		Europe	https://www.warzone.com/MultiPlayer?GameID=15376029	2018-04-08 05:15:27+00:00	[V.I.W] recruiting time! Join us !	798256841	Le Count H	6810816777	Andre Laufm√∂ller	7648615946	Grievous_II	722901337	ACL Tears	6511512218	JT	6611562592
CL10		Europe	https://www.warzone.com/MultiPlayer?GameID=15376047	2018-04-08 05:16:43+00:00	Min34	538068105	-B	2719017226	MaikMcJuggle	7123568917	Skapis9999	1521241902	begin_2000	3027655493	Kero	9318153614
CL10		Europe	https://www.warzone.com/MultiPlayer?GameID=15376048	2018-04-08 05:16:46+00:00	Moth	548463355	{rp} Napol√©on	3612612583	snife	8934061119	majokun	132609340	NecessaryEagle	962703243	The Mezaster	4620451108
CL10		Europe	https://www.warzone.com/MultiPlayer?GameID=15376050	2018-04-08 05:16:48+00:00	Fluttershy	2579062270	krunx	6328159606	kicorse	9086161081	cruentus	6770966453	Sandgroper	6874899030	RavenDelgado	9069146523
CL10		Europe	https://www.warzone.com/MultiPlayer?GameID=15376051	2018-04-08 05:16:50+00:00	Fluttershy	2579062270	krunx	6328159606	kicorse	9086161081	Min34	538068105	-B	2719017226	MaikMcJuggle	7123568917
CL10		Europe	https://www.warzone.com/MultiPlayer?GameID=15376052	2018-04-08 05:16:51+00:00	cruentus	6770966453	Sandgroper	6874899030	RavenDelgado	9069146523	majokun	132609340	NecessaryEagle	962703243	The Mezaster	4620451108
CL10		Europe	https://www.warzone.com/MultiPlayer?GameID=15376053	2018-04-08 05:16:52+00:00	Moth	548463355	{rp} Napol√©on	3612612583	snife	8934061119	Skapis9999	1521241902	begin_2000	3027655493	Kero	9318153614
CL10		Europe	https://www.warzone.com/MultiPlayer?GameID=15540379	2018-05-02 01:39:32+00:00	Deadman	2428496679	Master Jz	4439722815	Motoki	6862295334	DarrenDieHard	82622046	INSIDE	105380470	tobe	4514168736
CL10		Europe	https://www.warzone.com/MultiPlayer?GameID=15540380	2018-05-02 01:39:33+00:00	Mike |GG|	369204969	MisterT	7714693552	Po1onius	7950097528	blobblob	1842167298	Melethron	5825114267	Beep Beep I'm A Jeep	6561482549
CL10		Europe	https://www.warzone.com/MultiPlayer?GameID=15540381	2018-05-02 01:39:34+00:00	Odin	868774213	Kezzo	3068515161	(deleted)	6559504553	Beren Erchamion	314032996	Suschel	1658656882	Muli	2211733141
CL10		Europe	https://www.warzone.com/MultiPlayer?GameID=15540386	2018-05-02 01:40:16+00:00	MGO	2791412802	Aura Guardian	4127329486	MrTrolldemort	4290937787	TheThedde	5712212036	Derfellios	6146168723	Benjamin628	9936698896
CL10		Europe	https://www.warzone.com/MultiPlayer?GameID=15540387	2018-05-02 01:40:17+00:00	AquaHolic	673199141	Waddles	2863984406	rakleader	8136895102	Razor	69879585	‚îÇ [20] ‚îÇMASTER‚îÇ Rikku ‚îÇ I love my wife ‚îÇ ‚Ä¢ apex ‚îÇ	2969075806	TianO	6683773917
CL10		Europe	https://www.warzone.com/MultiPlayer?GameID=15540389	2018-05-02 01:40:19+00:00	[WG] Reza	398976518	ChrisCMU	999878954	Super Smoove	4555082823	BMT216A	4690262550	Gus squared	8061186947	(deleted)	9673505981
CL10		Europe	https://www.warzone.com/MultiPlayer?GameID=15540398	2018-05-02 01:41:00+00:00	Chafram	2151303325	Beno√Æt	2213363356	cj13	9357351102	GuestNWHSzY	4732747463	anolis	4922323040	Olkani [PG]	5434190138
CL10		Europe	https://www.warzone.com/MultiPlayer?GameID=15540399	2018-05-02 01:41:01+00:00	pr0z4c	1535332095	Stormguard	1774909655	Totem	4683478894	Vole	5811017620	Sherlock Holmes	8374518608	SubLunar Unit	9755066413
CL10		Europe	https://www.warzone.com/MultiPlayer?GameID=15540400	2018-05-02 01:41:02+00:00	Bigby	363935123	Vanguard	456561512	Botanator	633358359	DjoThelemitaBRA	1343493358	Almir	3523197766	Timko666	7654483770
CL10		Europe	https://www.warzone.com/MultiPlayer?GameID=15540401	2018-05-02 01:41:03+00:00	Chafram	2151303325	Beno√Æt	2213363356	cj13	9357351102	Bigby	363935123	Vanguard	456561512	Botanator	633358359
CL10		Europe	https://www.warzone.com/MultiPlayer?GameID=15540402	2018-05-02 01:41:04+00:00	Vole	5811017620	Sherlock Holmes	8374518608	SubLunar Unit	9755066413	DjoThelemitaBRA	1343493358	Almir	3523197766	Timko666	7654483770
CL10		Europe	https://www.warzone.com/MultiPlayer?GameID=15540403	2018-05-02 01:41:05+00:00	pr0z4c	1535332095	Stormguard	1774909655	Totem	4683478894	GuestNWHSzY	4732747463	anolis	4922323040	Olkani [PG]	5434190138
CL10		Europe	https://www.warzone.com/MultiPlayer?GameID=15540417	2018-05-02 01:41:36+00:00	psykkoman	5056337626	The Shots	5345602099	Baer	9150576307	Grievous_II	722901337	ACL Tears	6511512218	JT	6611562592
CL10		Europe	https://www.warzone.com/MultiPlayer?GameID=15540418	2018-05-02 01:41:38+00:00	Cicero XXII	2150672011	TurboTT117	3223047956	J.P.	7587331752	Varakreivi	1237430152	China	1954125027	alex82500	8645862111
CL10		Europe	https://www.warzone.com/MultiPlayer?GameID=15540419	2018-05-02 01:41:39+00:00	[V.I.W] recruiting time! Join us !	798256841	Le Count H	6810816777	Andre Laufm√∂ller	7648615946	Sakata Gintoki	1388752514	Parish75	7488609795	Diamond Perfume	8090244700
CL10		Europe	https://www.warzone.com/MultiPlayer?GameID=15540420	2018-05-02 01:41:40+00:00	Grievous_II	722901337	ACL Tears	6511512218	JT	6611562592	Cicero XXII	2150672011	TurboTT117	3223047956	J.P.	7587331752
CL10		Europe	https://www.warzone.com/MultiPlayer?GameID=15540421	2018-05-02 01:41:41+00:00	Sakata Gintoki	1388752514	Parish75	7488609795	Diamond Perfume	8090244700	Dr. Killa	2742475363	Jayden	6464042596	Bomber the Undying	9535793775
CL10		Europe	https://www.warzone.com/MultiPlayer?GameID=15540422	2018-05-02 01:41:42+00:00	[V.I.W] recruiting time! Join us !	798256841	Le Count H	6810816777	Andre Laufm√∂ller	7648615946	Varakreivi	1237430152	China	1954125027	alex82500	8645862111
CL10		Europe	https://www.warzone.com/MultiPlayer?GameID=15540431	2018-05-02 01:42:27+00:00	Min34	538068105	-B	2719017226	MaikMcJuggle	7123568917	majokun	132609340	NecessaryEagle	962703243	The Mezaster	4620451108
CL10		Europe	https://www.warzone.com/MultiPlayer?GameID=15540433	2018-05-02 01:42:30+00:00	Moth	548463355	{rp} Napol√©on	3612612583	snife	8934061119	cruentus	6770966453	Sandgroper	6874899030	RavenDelgado	9069146523
CL10		Europe	https://www.warzone.com/MultiPlayer?GameID=15540434	2018-05-02 01:42:31+00:00	Min34	538068105	-B	2719017226	MaikMcJuggle	7123568917	cruentus	6770966453	Sandgroper	6874899030	RavenDelgado	9069146523
CL10		Europe	https://www.warzone.com/MultiPlayer?GameID=15540435	2018-05-02 01:42:32+00:00	krunx	6328159606	kicorse	9086161081	Master Cowboy	9374434686	Moth	548463355	{rp} Napol√©on	3612612583	snife	8934061119
CL10		Europe	https://www.warzone.com/MultiPlayer?GameID=15710506	2018-05-27 01:52:27+00:00	Deadman	2428496679	Master Jz	4439722815	Motoki	6862295334	Odin	868774213	Kezzo	3068515161	(deleted)	6559504553
CL10		Europe	https://www.warzone.com/MultiPlayer?GameID=15710507	2018-05-27 01:52:28+00:00	Beren Erchamion	314032996	Suschel	1658656882	Muli	2211733141	ZeroBlindDragon	1052028219	Dom365	2715085443	Octane	3062174051
CL10		Europe	https://www.warzone.com/MultiPlayer?GameID=15710508	2018-05-27 01:52:29+00:00	blobblob	1842167298	Melethron	5825114267	Beep Beep I'm A Jeep	6561482549	DarrenDieHard	82622046	INSIDE	105380470	tobe	4514168736
CL10		Europe	https://www.warzone.com/MultiPlayer?GameID=15710513	2018-05-27 01:53:38+00:00	AquaHolic	673199141	Waddles	2863984406	rakleader	8136895102	TheThedde	5712212036	Derfellios	6146168723	Benjamin628	9936698896
CL10		Europe	https://www.warzone.com/MultiPlayer?GameID=15710514	2018-05-27 01:53:39+00:00	MGO	2791412802	Aura Guardian	4127329486	MrTrolldemort	4290937787	BMT216A	4690262550	Gus squared	8061186947	(deleted)	9673505981
CL10		Europe	https://www.warzone.com/MultiPlayer?GameID=15710515	2018-05-27 01:53:40+00:00	[WG] Reza	398976518	ChrisCMU	999878954	Super Smoove	4555082823	Razor	69879585	‚îÇ [20] ‚îÇMASTER‚îÇ Rikku ‚îÇ I love my wife ‚îÇ ‚Ä¢ apex ‚îÇ	2969075806	TianO	6683773917
CL10		Europe	https://www.warzone.com/MultiPlayer?GameID=15710520	2018-05-27 01:54:23+00:00	Chafram	2151303325	Beno√Æt	2213363356	cj13	9357351102	pr0z4c	1535332095	Stormguard	1774909655	Totem	4683478894
CL10		Europe	https://www.warzone.com/MultiPlayer?GameID=15710521	2018-05-27 01:54:25+00:00	GuestNWHSzY	4732747463	anolis	4922323040	Olkani [PG]	5434190138	DjoThelemitaBRA	1343493358	Almir	3523197766	Timko666	7654483770
CL10		Europe	https://www.warzone.com/MultiPlayer?GameID=15710522	2018-05-27 01:54:26+00:00	Vole	5811017620	Sherlock Holmes	8374518608	SubLunar Unit	9755066413	Bigby	363935123	Vanguard	456561512	Botanator	633358359
CL10		Europe	https://www.warzone.com/MultiPlayer?GameID=15710529	2018-05-27 01:54:56+00:00	psykkoman	5056337626	The Shots	5345602099	Baer	9150576307	Varakreivi	1237430152	China	1954125027	alex82500	8645862111
CL10		Europe	https://www.warzone.com/MultiPlayer?GameID=15710532	2018-05-27 01:55:00+00:00	Cicero XXII	2150672011	TurboTT117	3223047956	J.P.	7587331752	Sakata Gintoki	1388752514	Parish75	7488609795	Diamond Perfume	8090244700
CL10		Europe	https://www.warzone.com/MultiPlayer?GameID=15710540	2018-05-27 01:55:26+00:00	Min34	538068105	-B	2719017226	MaikMcJuggle	7123568917	Moth	548463355	{rp} Napol√©on	3612612583	snife	8934061119
CL10		Europe	https://www.warzone.com/MultiPlayer?GameID=15710542	2018-05-27 01:55:29+00:00	krunx	6328159606	kicorse	9086161081	Master Cowboy	9374434686	majokun	132609340	NecessaryEagle	962703243	The Mezaster	4620451108
CL10		Europe	https://www.warzone.com/MultiPlayer?GameID=15873805	2018-06-21 00:30:19+00:00	Beren Erchamion	314032996	Suschel	1658656882	Muli	2211733141	Deadman	2428496679	Master Jz	4439722815	Motoki	6862295334
CL10		Europe	https://www.warzone.com/MultiPlayer?GameID=15873806	2018-06-21 00:30:20+00:00	Dom365	2715085443	Juan	6649400248	90 \(¬∫¬∫)/	7652362021	blobblob	1842167298	Melethron	5825114267	Beep Beep I'm A Jeep	6561482549
CL10		Europe	https://www.warzone.com/MultiPlayer?GameID=15873807	2018-06-21 00:30:21+00:00	Mike |GG|	369204969	MisterT	7714693552	Po1onius	7950097528	DarrenDieHard	82622046	INSIDE	105380470	tobe	4514168736
CL10		Europe	https://www.warzone.com/MultiPlayer?GameID=15873815	2018-06-21 00:31:11+00:00	[WG] Reza	398976518	ChrisCMU	999878954	Super Smoove	4555082823	TheThedde	5712212036	Derfellios	6146168723	Benjamin628	9936698896
CL10		Europe	https://www.warzone.com/MultiPlayer?GameID=15873816	2018-06-21 00:31:12+00:00	BMT216A	4690262550	Gus squared	8061186947	(deleted)	9673505981	Razor	69879585	‚îÇ [20] ‚îÇMASTER‚îÇ Rikku ‚îÇ I love my wife ‚îÇ ‚Ä¢ apex ‚îÇ	2969075806	TianO	6683773917
CL10		Europe	https://www.warzone.com/MultiPlayer?GameID=15873817	2018-06-21 00:31:13+00:00	AquaHolic	673199141	Waddles	2863984406	rakleader	8136895102	MGO	2791412802	Aura Guardian	4127329486	MrTrolldemort	4290937787
CL10		Europe	https://www.warzone.com/MultiPlayer?GameID=15873822	2018-06-21 00:31:26+00:00	[V.I.W] recruiting time! Join us !	798256841	Le Count H	6810816777	Andre Laufm√∂ller	7648615946	psykkoman	5056337626	The Shots	5345602099	Baer	9150576307
CL10		Europe	https://www.warzone.com/MultiPlayer?GameID=15873823	2018-06-21 00:31:27+00:00	Sakata Gintoki	1388752514	Parish75	7488609795	Diamond Perfume	8090244700	Varakreivi	1237430152	China	1954125027	alex82500	8645862111
CL10		Final Earth	https://www.warzone.com/MultiPlayer?GameID=15389364	2018-04-10 01:52:50+00:00	Deadman	2428496679	Master Jz	4439722815			MIFRAN	4825272432	Ko	7818276235		
CL10		Final Earth	https://www.warzone.com/MultiPlayer?GameID=15389365	2018-04-10 01:52:53+00:00	Rento	269930540	alexclusive	7733320768			rocky1	3819912982	vicnus	7017875632		
CL10		Final Earth	https://www.warzone.com/MultiPlayer?GameID=15389366	2018-04-10 01:52:56+00:00	Rogue NK	1640058653	Beep Beep I'm A Jeep	6561482549			TheRiverStyxie	1552135718	Njord	7139233655		
CL10		Final Earth	https://www.warzone.com/MultiPlayer?GameID=15389940	2018-04-10 04:56:03+00:00	dry-clean-only	4419488318	Weatherman900 {TJC}	5050001787			ppface	3429934354	Waka	4213603571		
CL10		Final Earth	https://www.warzone.com/MultiPlayer?GameID=15389942	2018-04-10 04:56:12+00:00	Tof	3121640550	rakleader	8136895102			Math Wolf	253091943	Yeon	655279903		
CL10		Final Earth	https://www.warzone.com/MultiPlayer?GameID=15560260	2018-05-05 00:03:09+00:00	Suschel	1658656882	PJ	1925535805			Rogue NK	1640058653	Beep Beep I'm A Jeep	6561482549		
CL10		Final Earth	https://www.warzone.com/MultiPlayer?GameID=15560261	2018-05-05 00:03:10+00:00	TheRiverStyxie	1552135718	Njord	7139233655			rocky1	3819912982	vicnus	7017875632		
CL10		Final Earth	https://www.warzone.com/MultiPlayer?GameID=15560262	2018-05-05 00:03:11+00:00	Rento	269930540	alexclusive	7733320768			MIFRAN	4825272432	Ko	7818276235		
CL10		Final Earth	https://www.warzone.com/MultiPlayer?GameID=15560269	2018-05-05 00:04:12+00:00	TableTrivia	2931761975	Aura Guardian	4127329486			ppface	3429934354	Waka	4213603571		
CL10		Final Earth	https://www.warzone.com/MultiPlayer?GameID=15560270	2018-05-05 00:04:13+00:00	Tof	3121640550	rakleader	8136895102			dry-clean-only	4419488318	Weatherman900 {TJC}	5050001787		
CL10		Final Earth	https://www.warzone.com/MultiPlayer?GameID=15560271	2018-05-05 00:04:14+00:00	Math Wolf	253091943	Yeon	655279903			Super Smoove	4555082823	almosttricky	4817205946		
CL10		Final Earth	https://www.warzone.com/MultiPlayer?GameID=15730343	2018-05-30 00:00:52+00:00	Suschel	1658656882	PJ	1925535805			Deadman	2428496679	Master Jz	4439722815		
CL10		Final Earth	https://www.warzone.com/MultiPlayer?GameID=15730344	2018-05-30 00:00:53+00:00	Rogue NK	1640058653	Beep Beep I'm A Jeep	6561482549			Rento	269930540	alexclusive	7733320768		
CL10		Final Earth	https://www.warzone.com/MultiPlayer?GameID=15730346	2018-05-30 00:00:54+00:00	MIFRAN	4825272432	Ko	7818276235			rocky1	3819912982	vicnus	7017875632		
CL10		Final Earth	https://www.warzone.com/MultiPlayer?GameID=15730356	2018-05-30 00:02:18+00:00	Super Smoove	4555082823	almosttricky	4817205946			Tof	3121640550	rakleader	8136895102		
CL10		Final Earth	https://www.warzone.com/MultiPlayer?GameID=15730357	2018-05-30 00:02:19+00:00	dry-clean-only	4419488318	Weatherman900 {TJC}	5050001787			TableTrivia	2931761975	Aura Guardian	4127329486		
CL10		Final Earth	https://www.warzone.com/MultiPlayer?GameID=15891286	2018-06-24 01:13:56+00:00	Deadman	2428496679	Master Jz	4439722815			Rogue NK	1640058653	Beep Beep I'm A Jeep	6561482549		
CL10		Final Earth	https://www.warzone.com/MultiPlayer?GameID=15891287	2018-06-24 01:13:57+00:00	Suschel	1658656882	PJ	1925535805			MIFRAN	4825272432	Ko	7818276235		
CL10		Final Earth	https://www.warzone.com/MultiPlayer?GameID=15891288	2018-06-24 01:13:58+00:00	Kezzo	3068515161	Edge	7432342455			Rento	269930540	alexclusive	7733320768		
CL10		Final Earth	https://www.warzone.com/MultiPlayer?GameID=15891300	2018-06-24 01:15:19+00:00	Super Smoove	4555082823	almosttricky	4817205946			ppface	3429934354	Waka	4213603571		
CL10		Final Earth	https://www.warzone.com/MultiPlayer?GameID=15891301	2018-06-24 01:15:21+00:00	Math Wolf	253091943	Yeon	655279903			dry-clean-only	4419488318	Weatherman900 {TJC}	5050001787		
CL10		Final Earth	https://www.warzone.com/MultiPlayer?GameID=15891302	2018-06-24 01:15:22+00:00	Tof	3121640550	rakleader	8136895102			TableTrivia	2931761975	Aura Guardian	4127329486		
CL10		French Brawl	https://www.warzone.com/MultiPlayer?GameID=15375951	2018-04-08 05:03:38+00:00	Nackickwind	9847055537					Pardon	2271461721				
CL10		French Brawl	https://www.warzone.com/MultiPlayer?GameID=15375957	2018-04-08 05:05:03+00:00	Rogue NK	1640058653					Mikaela	3680301553				
CL10		French Brawl	https://www.warzone.com/MultiPlayer?GameID=15375958	2018-04-08 05:05:06+00:00	Kezzo	3068515161					Beren Erchamion	314032996				
CL10		French Brawl	https://www.warzone.com/MultiPlayer?GameID=15375979	2018-04-08 05:10:11+00:00	Yeon	655279903					Milly	697266291				
CL10		French Brawl	https://www.warzone.com/MultiPlayer?GameID=15375980	2018-04-08 05:10:14+00:00	max‚Ñ¢	7582497910					Verzehrer	8820746826				
CL10		French Brawl	https://www.warzone.com/MultiPlayer?GameID=15375981	2018-04-08 05:10:17+00:00	Razor	69879585					NanoMidget„Äêùìíùì°ùìîùì¶„Äë	9588129390				
CL10		French Brawl	https://www.warzone.com/MultiPlayer?GameID=15375994	2018-04-08 05:12:34+00:00	6	3989887680					Gustaf Mannerheim	3947858935				
CL10		French Brawl	https://www.warzone.com/MultiPlayer?GameID=15375995	2018-04-08 05:12:37+00:00	Terence Kill	9155219717					Tartan1314	181818605				
CL10		French Brawl	https://www.warzone.com/MultiPlayer?GameID=15375996	2018-04-08 05:12:40+00:00	pr0z4c	1535332095					General Butt Naked	8326966487				
CL10		French Brawl	https://www.warzone.com/MultiPlayer?GameID=15376014	2018-04-08 05:14:26+00:00	Garlikid D. Ven	6351401628					Hasdrubal	3561046036				
CL10		French Brawl	https://www.warzone.com/MultiPlayer?GameID=15376015	2018-04-08 05:14:29+00:00	lineal2012	8916311526					(‡∏áÔ∏°'-'Ô∏†)‡∏á let's fight!!	2848139625				
CL10		French Brawl	https://www.warzone.com/MultiPlayer?GameID=15376016	2018-04-08 05:14:32+00:00	John John Johnson	6684886789					Dark Ninja	7736073299				
CL10		French Brawl	https://www.warzone.com/MultiPlayer?GameID=15376032	2018-04-08 05:15:57+00:00	Arya Stark	8074442359					!JMF	8072798546				
CL10		French Brawl	https://www.warzone.com/MultiPlayer?GameID=15376033	2018-04-08 05:16:00+00:00	Mar3i	6478891666					Devean	185289927				
CL10		French Brawl	https://www.warzone.com/MultiPlayer?GameID=15376034	2018-04-08 05:16:02+00:00	the Bloody-Nine	5925141626					Jenny	4790497779				
CL10		French Brawl	https://www.warzone.com/MultiPlayer?GameID=15439111	2018-04-17 06:22:35+00:00	Rogue NK	1640058653					Pardon	2271461721				
CL10		French Brawl	https://www.warzone.com/MultiPlayer?GameID=15439115	2018-04-17 06:23:00+00:00	Beren Erchamion	314032996					Mikaela	3680301553				
CL10		French Brawl	https://www.warzone.com/MultiPlayer?GameID=15439117	2018-04-17 06:23:16+00:00	Kezzo	3068515161					Wini	561506329				
CL10		French Brawl	https://www.warzone.com/MultiPlayer?GameID=15439120	2018-04-17 06:23:44+00:00	Milly	697266291					NanoMidget„Äêùìíùì°ùìîùì¶„Äë	9588129390				
CL10		French Brawl	https://www.warzone.com/MultiPlayer?GameID=15439121	2018-04-17 06:23:53+00:00	max‚Ñ¢	7582497910					Razor	69879585				
CL10		French Brawl	https://www.warzone.com/MultiPlayer?GameID=15439123	2018-04-17 06:24:01+00:00	Yeon	655279903					Verzehrer	8820746826				
CL10		French Brawl	https://www.warzone.com/MultiPlayer?GameID=15439134	2018-04-17 06:25:34+00:00	Gustaf Mannerheim	3947858935					pr0z4c	1535332095				
CL10		French Brawl	https://www.warzone.com/MultiPlayer?GameID=15439135	2018-04-17 06:25:44+00:00	Terence Kill	9155219717					General Butt Naked	8326966487				
CL10		French Brawl	https://www.warzone.com/MultiPlayer?GameID=15439137	2018-04-17 06:26:07+00:00	6	3989887680					Tartan1314	181818605				
CL10		French Brawl	https://www.warzone.com/MultiPlayer?GameID=15439138	2018-04-17 06:26:12+00:00	(‡∏áÔ∏°'-'Ô∏†)‡∏á let's fight!!	2848139625					Garlikid D. Ven	6351401628				
CL10		French Brawl	https://www.warzone.com/MultiPlayer?GameID=15439140	2018-04-17 06:26:16+00:00	lineal2012	8916311526					Dark Ninja	7736073299				
CL10		French Brawl	https://www.warzone.com/MultiPlayer?GameID=15439142	2018-04-17 06:26:18+00:00	John John Johnson	6684886789					zaky	8347107640				
CL10		French Brawl	https://www.warzone.com/MultiPlayer?GameID=15439144	2018-04-17 06:26:22+00:00	Mar3i	6478891666					Arya Stark	8074442359				
CL10		French Brawl	https://www.warzone.com/MultiPlayer?GameID=15439145	2018-04-17 06:26:48+00:00	Jenny	4790497779					!JMF	8072798546				
CL10		French Brawl	https://www.warzone.com/MultiPlayer?GameID=15439146	2018-04-17 06:26:53+00:00	Devean	185289927					the Bloody-Nine	5925141626				
CL10		French Brawl	https://www.warzone.com/MultiPlayer?GameID=15506229	2018-04-27 01:29:07+00:00	Wini	561506329					Pardon	2271461721				
CL10		French Brawl	https://www.warzone.com/MultiPlayer?GameID=15506230	2018-04-27 01:29:08+00:00	Kezzo	3068515161					Mikaela	3680301553				
CL10		French Brawl	https://www.warzone.com/MultiPlayer?GameID=15506231	2018-04-27 01:29:10+00:00	Beren Erchamion	314032996					Nackickwind	9847055537				
CL10		French Brawl	https://www.warzone.com/MultiPlayer?GameID=15506235	2018-04-27 01:30:04+00:00	Milly	697266291					Razor	69879585				
CL10		French Brawl	https://www.warzone.com/MultiPlayer?GameID=15506236	2018-04-27 01:30:05+00:00	Verzehrer	8820746826					Photonic Symmetry	6087790297				
CL10		French Brawl	https://www.warzone.com/MultiPlayer?GameID=15506237	2018-04-27 01:30:06+00:00	Yeon	655279903					max‚Ñ¢	7582497910				
CL10		French Brawl	https://www.warzone.com/MultiPlayer?GameID=15506240	2018-04-27 01:30:57+00:00	Tartan1314	181818605					pr0z4c	1535332095				
CL10		French Brawl	https://www.warzone.com/MultiPlayer?GameID=15506241	2018-04-27 01:30:58+00:00	6	3989887680					Terence Kill	9155219717				
CL10		French Brawl	https://www.warzone.com/MultiPlayer?GameID=15506244	2018-04-27 01:31:36+00:00	(‡∏áÔ∏°'-'Ô∏†)‡∏á let's fight!!	2848139625					Dark Ninja	7736073299				
CL10		French Brawl	https://www.warzone.com/MultiPlayer?GameID=15506245	2018-04-27 01:31:38+00:00	John John Johnson	6684886789					Hasdrubal	3561046036				
CL10		French Brawl	https://www.warzone.com/MultiPlayer?GameID=15506246	2018-04-27 01:31:39+00:00	lineal2012	8916311526					zaky	8347107640				
CL10		French Brawl	https://www.warzone.com/MultiPlayer?GameID=15506250	2018-04-27 01:32:19+00:00	Jenny	4790497779					Arya Stark	8074442359				
CL10		French Brawl	https://www.warzone.com/MultiPlayer?GameID=15506251	2018-04-27 01:32:20+00:00	the Bloody-Nine	5925141626					Mar3i	6478891666				
CL10		French Brawl	https://www.warzone.com/MultiPlayer?GameID=15506252	2018-04-27 01:32:21+00:00	!JMF	8072798546					Devean	185289927				
CL10		French Brawl	https://www.warzone.com/MultiPlayer?GameID=15573126	2018-05-07 00:16:02+00:00	Pardon	2271461721					Kezzo	3068515161				
CL10		French Brawl	https://www.warzone.com/MultiPlayer?GameID=15573127	2018-05-07 00:16:03+00:00	Beren Erchamion	314032996					Wini	561506329				
CL10		French Brawl	https://www.warzone.com/MultiPlayer?GameID=15573128	2018-05-07 00:16:04+00:00	Nackickwind	9847055537					Rogue NK	1640058653				
CL10		French Brawl	https://www.warzone.com/MultiPlayer?GameID=15573141	2018-05-07 00:17:21+00:00	Milly	697266291					Verzehrer	8820746826				
CL10		French Brawl	https://www.warzone.com/MultiPlayer?GameID=15573142	2018-05-07 00:17:22+00:00	Razor	69879585					Yeon	655279903				
CL10		French Brawl	https://www.warzone.com/MultiPlayer?GameID=15573143	2018-05-07 00:17:23+00:00	max‚Ñ¢	7582497910					Photonic Symmetry	6087790297				
CL10		French Brawl	https://www.warzone.com/MultiPlayer?GameID=15573149	2018-05-07 00:18:37+00:00	Gustaf Mannerheim	3947858935					Tartan1314	181818605				
CL10		French Brawl	https://www.warzone.com/MultiPlayer?GameID=15573150	2018-05-07 00:18:38+00:00	6	3989887680					General Butt Naked	8326966487				
CL10		French Brawl	https://www.warzone.com/MultiPlayer?GameID=15573151	2018-05-07 00:18:39+00:00	Terence Kill	9155219717					pr0z4c	1535332095				
CL10		French Brawl	https://www.warzone.com/MultiPlayer?GameID=15577851	2018-05-07 17:08:45+00:00	Garlikid D. Ven	6351401628					lineal2012	8916311526				
CL10		French Brawl	https://www.warzone.com/MultiPlayer?GameID=15577852	2018-05-07 17:08:46+00:00	zaky	8347107640					Hasdrubal	3561046036				
CL10		French Brawl	https://www.warzone.com/MultiPlayer?GameID=15577853	2018-05-07 17:08:47+00:00	(‡∏áÔ∏°'-'Ô∏†)‡∏á let's fight!!	2848139625					John John Johnson	6684886789				
CL10		French Brawl	https://www.warzone.com/MultiPlayer?GameID=15577863	2018-05-07 17:09:57+00:00	Arya Stark	8074442359					Devean	185289927				
CL10		French Brawl	https://www.warzone.com/MultiPlayer?GameID=15577864	2018-05-07 17:09:58+00:00	!JMF	8072798546					the Bloody-Nine	5925141626				
CL10		French Brawl	https://www.warzone.com/MultiPlayer?GameID=15577865	2018-05-07 17:09:59+00:00	Jenny	4790497779					Mar3i	6478891666				
CL10		French Brawl	https://www.warzone.com/MultiPlayer?GameID=15642512	2018-05-17 00:00:55+00:00	Pardon	2271461721					Mikaela	3680301553				
CL10		French Brawl	https://www.warzone.com/MultiPlayer?GameID=15642513	2018-05-17 00:00:57+00:00	Wini	561506329					Nackickwind	9847055537				
CL10		French Brawl	https://www.warzone.com/MultiPlayer?GameID=15642514	2018-05-17 00:00:58+00:00	Kezzo	3068515161					Rogue NK	1640058653				
CL10		French Brawl	https://www.warzone.com/MultiPlayer?GameID=15642523	2018-05-17 00:02:13+00:00	max‚Ñ¢	7582497910					Milly	697266291				
CL10		French Brawl	https://www.warzone.com/MultiPlayer?GameID=15642524	2018-05-17 00:02:15+00:00	Yeon	655279903					Photonic Symmetry	6087790297				
CL10		French Brawl	https://www.warzone.com/MultiPlayer?GameID=15642525	2018-05-17 00:02:16+00:00	Verzehrer	8820746826					Razor	69879585				
CL10		French Brawl	https://www.warzone.com/MultiPlayer?GameID=15642533	2018-05-17 00:03:24+00:00	Terence Kill	9155219717					Gustaf Mannerheim	3947858935				
CL10		French Brawl	https://www.warzone.com/MultiPlayer?GameID=15642534	2018-05-17 00:03:25+00:00	6	3989887680					pr0z4c	1535332095				
CL10		French Brawl	https://www.warzone.com/MultiPlayer?GameID=15642535	2018-05-17 00:03:26+00:00	Tartan1314	181818605					[BR]vontheevil	457277987				
CL10		French Brawl	https://www.warzone.com/MultiPlayer?GameID=15642542	2018-05-17 00:04:13+00:00	Garlikid D. Ven	6351401628					Dark Ninja	7736073299				
CL10		French Brawl	https://www.warzone.com/MultiPlayer?GameID=15642543	2018-05-17 00:04:14+00:00	zaky	8347107640					(‡∏áÔ∏°'-'Ô∏†)‡∏á let's fight!!	2848139625				
CL10		French Brawl	https://www.warzone.com/MultiPlayer?GameID=15642544	2018-05-17 00:04:16+00:00	lineal2012	8916311526					Hasdrubal	3561046036				
CL10		French Brawl	https://www.warzone.com/MultiPlayer?GameID=15642548	2018-05-17 00:05:09+00:00	the Bloody-Nine	5925141626					Arya Stark	8074442359				
CL10		French Brawl	https://www.warzone.com/MultiPlayer?GameID=15642549	2018-05-17 00:05:10+00:00	Jenny	4790497779					Devean	185289927				
CL10		French Brawl	https://www.warzone.com/MultiPlayer?GameID=15642550	2018-05-17 00:05:11+00:00	Mar3i	6478891666					!JMF	8072798546				
CL10		French Brawl	https://www.warzone.com/MultiPlayer?GameID=15710499	2018-05-27 01:52:19+00:00	Beren Erchamion	314032996					Rogue NK	1640058653				
CL10		French Brawl	https://www.warzone.com/MultiPlayer?GameID=15710500	2018-05-27 01:52:20+00:00	Kezzo	3068515161					Nackickwind	9847055537				
CL10		French Brawl	https://www.warzone.com/MultiPlayer?GameID=15710501	2018-05-27 01:52:21+00:00	Wini	561506329					Mikaela	3680301553				
CL10		French Brawl	https://www.warzone.com/MultiPlayer?GameID=15710526	2018-05-27 01:54:51+00:00	Garlikid D. Ven	6351401628					zaky	8347107640				
CL10		French Brawl	https://www.warzone.com/MultiPlayer?GameID=15777969	2018-06-06 00:36:58+00:00	Beren Erchamion	314032996					Pardon	2271461721				
CL10		French Brawl	https://www.warzone.com/MultiPlayer?GameID=15777970	2018-06-06 00:36:59+00:00	Wini	561506329					Rogue NK	1640058653				
CL10		French Brawl	https://www.warzone.com/MultiPlayer?GameID=15777971	2018-06-06 00:37:01+00:00	Nackickwind	9847055537					Mikaela	3680301553				
CL10		French Brawl	https://www.warzone.com/MultiPlayer?GameID=15777977	2018-06-06 00:39:22+00:00	(‡∏áÔ∏°'-'Ô∏†)‡∏á let's fight!!	2848139625					Hasdrubal	3561046036				
CL10		Guiroma	https://www.warzone.com/MultiPlayer?GameID=15389361	2018-04-10 01:52:38+00:00	master of desaster	2214950915					Emu Pub	7938015187				
CL10		Guiroma	https://www.warzone.com/MultiPlayer?GameID=15389362	2018-04-10 01:52:41+00:00	MisterT	7714693552					Ipsimus	1870288072				
CL10		Guiroma	https://www.warzone.com/MultiPlayer?GameID=15389363	2018-04-10 01:52:44+00:00	Corn Silver	3970925856					Krzysztof	706629919				
CL10		Guiroma	https://www.warzone.com/MultiPlayer?GameID=15389937	2018-04-10 04:55:51+00:00	Eliziejaus laukai	6173151655					Milly	697266291				
CL10		Guiroma	https://www.warzone.com/MultiPlayer?GameID=15389938	2018-04-10 04:55:54+00:00	d-ceo	2722930605					Ikillu	8324803103				
CL10		Guiroma	https://www.warzone.com/MultiPlayer?GameID=15389939	2018-04-10 04:55:58+00:00	Jackie Treehorn	637758013					almosttricky	4817205946				
CL10		Guiroma	https://www.warzone.com/MultiPlayer?GameID=15389949	2018-04-10 04:57:38+00:00	Star of the East	2987489164					Furac√£o.BR	535249083				
CL10		Guiroma	https://www.warzone.com/MultiPlayer?GameID=15389952	2018-04-10 04:57:41+00:00	Robert E Lee	4410807582					Janine	2342443268				
CL10		Guiroma	https://www.warzone.com/MultiPlayer?GameID=15389953	2018-04-10 04:57:44+00:00	nina	6541432359					davidhmtk	8322209125				
CL10		Guiroma	https://www.warzone.com/MultiPlayer?GameID=15389960	2018-04-10 04:58:53+00:00	Nemo	3870701119					Jayden	6464042596				
CL10		Guiroma	https://www.warzone.com/MultiPlayer?GameID=15389961	2018-04-10 04:58:56+00:00	ACL Tears	6511512218					Prophet	7943782935				
CL10		Guiroma	https://www.warzone.com/MultiPlayer?GameID=15389966	2018-04-10 05:00:14+00:00	sloppyfatginger	6235110640					Exiltibeter	697343263				
CL10		Guiroma	https://www.warzone.com/MultiPlayer?GameID=15389967	2018-04-10 05:00:17+00:00	Electric_Kitten	2614926786					born41R	4525657387				
CL10		Guiroma	https://www.warzone.com/MultiPlayer?GameID=15389968	2018-04-10 05:00:20+00:00	Mopter	1954441155					Wilfred Owen	6210289613				
CL10		Guiroma	https://www.warzone.com/MultiPlayer?GameID=15458774	2018-04-20 01:08:06+00:00	MisterT	7714693552					master of desaster	2214950915				
CL10		Guiroma	https://www.warzone.com/MultiPlayer?GameID=15458775	2018-04-20 01:08:07+00:00	Corn Silver	3970925856					INSIDE	105380470				
CL10		Guiroma	https://www.warzone.com/MultiPlayer?GameID=15458776	2018-04-20 01:08:09+00:00	Krzysztof	706629919					Emu Pub	7938015187				
CL10		Guiroma	https://www.warzone.com/MultiPlayer?GameID=15458779	2018-04-20 01:09:19+00:00	Jackie Treehorn	637758013					Milly	697266291				
CL10		Guiroma	https://www.warzone.com/MultiPlayer?GameID=15458780	2018-04-20 01:09:21+00:00	d-ceo	2722930605					almosttricky	4817205946				
CL10		Guiroma	https://www.warzone.com/MultiPlayer?GameID=15458787	2018-04-20 01:10:25+00:00	Star of the East	2987489164					nina	6541432359				
CL10		Guiroma	https://www.warzone.com/MultiPlayer?GameID=15458788	2018-04-20 01:10:26+00:00	davidhmtk	8322209125					Janine	2342443268				
CL10		Guiroma	https://www.warzone.com/MultiPlayer?GameID=15458789	2018-04-20 01:10:27+00:00	Furac√£o.BR	535249083					Robert E Lee	4410807582				
CL10		Guiroma	https://www.warzone.com/MultiPlayer?GameID=15458793	2018-04-20 01:11:12+00:00	Nemo	3870701119					ACL Tears	6511512218				
CL10		Guiroma	https://www.warzone.com/MultiPlayer?GameID=15458794	2018-04-20 01:11:13+00:00	Thor	6944703703					Prophet	7943782935				
CL10		Guiroma	https://www.warzone.com/MultiPlayer?GameID=15458795	2018-04-20 01:11:14+00:00	Carlos Danger	4912813623					(deleted)	9522268564				
CL10		Guiroma	https://www.warzone.com/MultiPlayer?GameID=15458797	2018-04-20 01:12:09+00:00	Electric_Kitten	2614926786					sloppyfatginger	6235110640				
CL10		Guiroma	https://www.warzone.com/MultiPlayer?GameID=15458798	2018-04-20 01:12:10+00:00	Mopter	1954441155					Exiltibeter	697343263				
CL10		Guiroma	https://www.warzone.com/MultiPlayer?GameID=15458799	2018-04-20 01:12:11+00:00	born41R	4525657387					Wilfred Owen	6210289613				
CL10		Guiroma	https://www.warzone.com/MultiPlayer?GameID=15526307	2018-04-30 02:18:16+00:00	master of desaster	2214950915					Krzysztof	706629919				
CL10		Guiroma	https://www.warzone.com/MultiPlayer?GameID=15526308	2018-04-30 02:18:17+00:00	Corn Silver	3970925856					Ipsimus	1870288072				
CL10		Guiroma	https://www.warzone.com/MultiPlayer?GameID=15526309	2018-04-30 02:18:18+00:00	Emu Pub	7938015187					INSIDE	105380470				
CL10		Guiroma	https://www.warzone.com/MultiPlayer?GameID=15526313	2018-04-30 02:19:00+00:00	Milly	697266291					d-ceo	2722930605				
CL10		Guiroma	https://www.warzone.com/MultiPlayer?GameID=15526314	2018-04-30 02:19:01+00:00	Jackie Treehorn	637758013					dippy	5892225503				
CL10		Guiroma	https://www.warzone.com/MultiPlayer?GameID=15526315	2018-04-30 02:19:02+00:00	Ikillu	8324803103					almosttricky	4817205946				
CL10		Guiroma	https://www.warzone.com/MultiPlayer?GameID=15526318	2018-04-30 02:19:40+00:00	Star of the East	2987489164					davidhmtk	8322209125				
CL10		Guiroma	https://www.warzone.com/MultiPlayer?GameID=15526319	2018-04-30 02:19:41+00:00	nina	6541432359					Robert E Lee	4410807582				
CL10		Guiroma	https://www.warzone.com/MultiPlayer?GameID=15526321	2018-04-30 02:19:42+00:00	Furac√£o.BR	535249083					Janine	2342443268				
CL10		Guiroma	https://www.warzone.com/MultiPlayer?GameID=15526322	2018-04-30 02:20:19+00:00	Nemo	3870701119					Thor	6944703703				
CL10		Guiroma	https://www.warzone.com/MultiPlayer?GameID=15526323	2018-04-30 02:20:21+00:00	Carlos Danger	4912813623					ACL Tears	6511512218				
CL10		Guiroma	https://www.warzone.com/MultiPlayer?GameID=15526324	2018-04-30 02:20:22+00:00	Prophet	7943782935					Jayden	6464042596				
CL10		Guiroma	https://www.warzone.com/MultiPlayer?GameID=15526325	2018-04-30 02:21:06+00:00	sloppyfatginger	6235110640					Wilfred Owen	6210289613				
CL10		Guiroma	https://www.warzone.com/MultiPlayer?GameID=15526326	2018-04-30 02:21:07+00:00	Mopter	1954441155					born41R	4525657387				
CL10		Guiroma	https://www.warzone.com/MultiPlayer?GameID=15526327	2018-04-30 02:21:08+00:00	Exiltibeter	697343263					Electric_Kitten	2614926786				
CL10		Guiroma	https://www.warzone.com/MultiPlayer?GameID=15594095	2018-05-10 00:01:23+00:00	Milly	697266291					almosttricky	4817205946				
CL10		Guiroma	https://www.warzone.com/MultiPlayer?GameID=15594096	2018-05-10 00:01:24+00:00	Jackie Treehorn	637758013					Ikillu	8324803103				
CL10		Guiroma	https://www.warzone.com/MultiPlayer?GameID=15594097	2018-05-10 00:01:25+00:00	d-ceo	2722930605					dippy	5892225503				
CL10		Guiroma	https://www.warzone.com/MultiPlayer?GameID=15594101	2018-05-10 00:02:40+00:00	Star of the East	2987489164					Janine	2342443268				
CL10		Guiroma	https://www.warzone.com/MultiPlayer?GameID=15594102	2018-05-10 00:02:41+00:00	Furac√£o.BR	535249083					nina	6541432359				
CL10		Guiroma	https://www.warzone.com/MultiPlayer?GameID=15594103	2018-05-10 00:02:43+00:00	davidhmtk	8322209125					Robert E Lee	4410807582				
CL10		Guiroma	https://www.warzone.com/MultiPlayer?GameID=15594106	2018-05-10 00:03:53+00:00	Nemo	3870701119					(deleted)	9522268564				
CL10		Guiroma	https://www.warzone.com/MultiPlayer?GameID=15594107	2018-05-10 00:03:54+00:00	Carlos Danger	4912813623					Thor	6944703703				
CL10		Guiroma	https://www.warzone.com/MultiPlayer?GameID=15594113	2018-05-10 00:05:08+00:00	sloppyfatginger	6235110640					Mopter	1954441155				
CL10		Guiroma	https://www.warzone.com/MultiPlayer?GameID=15594114	2018-05-10 00:05:09+00:00	Electric_Kitten	2614926786					Wilfred Owen	6210289613				
CL10		Guiroma	https://www.warzone.com/MultiPlayer?GameID=15594115	2018-05-10 00:05:10+00:00	born41R	4525657387					Exiltibeter	697343263				
CL10		Guiroma	https://www.warzone.com/MultiPlayer?GameID=15594915	2018-05-10 03:12:41+00:00	Emu Pub	7938015187					Ipsimus	1870288072				
CL10		Guiroma	https://www.warzone.com/MultiPlayer?GameID=15594916	2018-05-10 03:12:42+00:00	INSIDE	105380470					Krzysztof	706629919				
CL10		Guiroma	https://www.warzone.com/MultiPlayer?GameID=15594917	2018-05-10 03:12:43+00:00	MisterT	7714693552					Corn Silver	3970925856				
CL10		Guiroma	https://www.warzone.com/MultiPlayer?GameID=15662514	2018-05-20 01:15:45+00:00	Corn Silver	3970925856					master of desaster	2214950915				
CL10		Guiroma	https://www.warzone.com/MultiPlayer?GameID=15662515	2018-05-20 01:15:46+00:00	MisterT	7714693552					Krzysztof	706629919				
CL10		Guiroma	https://www.warzone.com/MultiPlayer?GameID=15662516	2018-05-20 01:15:47+00:00	Ipsimus	1870288072					INSIDE	105380470				
CL10		Guiroma	https://www.warzone.com/MultiPlayer?GameID=15662521	2018-05-20 01:17:01+00:00	Milly	697266291					Ikillu	8324803103				
CL10		Guiroma	https://www.warzone.com/MultiPlayer?GameID=15662523	2018-05-20 01:17:03+00:00	Jackie Treehorn	637758013					d-ceo	2722930605				
CL10		Guiroma	https://www.warzone.com/MultiPlayer?GameID=15662527	2018-05-20 01:18:00+00:00	Star of the East	2987489164					Robert E Lee	4410807582				
CL10		Guiroma	https://www.warzone.com/MultiPlayer?GameID=15662528	2018-05-20 01:18:01+00:00	Furac√£o.BR	535249083					davidhmtk	8322209125				
CL10		Guiroma	https://www.warzone.com/MultiPlayer?GameID=15662529	2018-05-20 01:18:02+00:00	nina	6541432359					Janine	2342443268				
CL10		Guiroma	https://www.warzone.com/MultiPlayer?GameID=15662530	2018-05-20 01:18:40+00:00	Nemo	3870701119					Prophet	7943782935				
CL10		Guiroma	https://www.warzone.com/MultiPlayer?GameID=15662536	2018-05-20 01:19:15+00:00	sloppyfatginger	6235110640					born41R	4525657387				
CL10		Guiroma	https://www.warzone.com/MultiPlayer?GameID=15662537	2018-05-20 01:19:16+00:00	Exiltibeter	697343263					Wilfred Owen	6210289613				
CL10		Guiroma	https://www.warzone.com/MultiPlayer?GameID=15662538	2018-05-20 01:19:17+00:00	Mopter	1954441155					Electric_Kitten	2614926786				
CL10		Guiroma	https://www.warzone.com/MultiPlayer?GameID=15730339	2018-05-30 00:00:48+00:00	master of desaster	2214950915					Ipsimus	1870288072				
CL10		Guiroma	https://www.warzone.com/MultiPlayer?GameID=15730340	2018-05-30 00:00:49+00:00	Corn Silver	3970925856					Emu Pub	7938015187				
CL10		Guiroma	https://www.warzone.com/MultiPlayer?GameID=15730341	2018-05-30 00:00:50+00:00	MisterT	7714693552					INSIDE	105380470				
CL10		Guiroma	https://www.warzone.com/MultiPlayer?GameID=15730372	2018-05-30 00:04:07+00:00	Nemo	3870701119					Carlos Danger	4912813623				
CL10		Guiroma	https://www.warzone.com/MultiPlayer?GameID=15798089	2018-06-09 01:23:19+00:00	master of desaster	2214950915					INSIDE	105380470				
CL10		Guiroma	https://www.warzone.com/MultiPlayer?GameID=15798090	2018-06-09 01:23:20+00:00	Emu Pub	7938015187					MisterT	7714693552				
CL10		Guiroma	https://www.warzone.com/MultiPlayer?GameID=15798091	2018-06-09 01:23:21+00:00	Krzysztof	706629919					Ipsimus	1870288072				
CL10		Guiroma	https://www.warzone.com/MultiPlayer?GameID=15798096	2018-06-09 01:25:22+00:00	Carlos Danger	4912813623					Prophet	7943782935				
CL10		Pangea Ultima	https://www.warzone.com/MultiPlayer?GameID=15891283	2018-06-24 01:13:53+00:00	malakkan	257509174					Rufus	2979814301				
CL10		Pangea Ultima	https://www.warzone.com/MultiPlayer?GameID=15891284	2018-06-24 01:13:54+00:00	Rento	269930540					Emu Pub	7938015187				
CL10		Pangea Ultima	https://www.warzone.com/MultiPlayer?GameID=15891285	2018-06-24 01:13:55+00:00	JV	8019640756					rocky1	3819912982				
CL10		Pangea Ultima	https://www.warzone.com/MultiPlayer?GameID=15891296	2018-06-24 01:15:16+00:00	Verzehrer	8820746826					Waka	4213603571				
CL10		Pangea Ultima	https://www.warzone.com/MultiPlayer?GameID=15891298	2018-06-24 01:15:18+00:00	ssese	9034641482					Roi Joleil	8070854578				
CL10		Strategic Greece	https://www.warzone.com/MultiPlayer?GameID=15873799	2018-06-21 00:30:11+00:00	Timinator ‚Ä¢ apex	816809922					Œ¶ŒπŒªœéœÑŒ±œÇ	2731867411				
CL10		Strategic Greece	https://www.warzone.com/MultiPlayer?GameID=15873800	2018-06-21 00:30:12+00:00	MIFRAN	4825272432					hobo	239359818				
CL10		Strategic Greece	https://www.warzone.com/MultiPlayer?GameID=15873801	2018-06-21 00:30:13+00:00	Edge	7432342455					PJ	1925535805				
CL10		Strategic Greece	https://www.warzone.com/MultiPlayer?GameID=15873809	2018-06-21 00:31:03+00:00	Hunta	789393739					Tr4gic	6812791082				
CL10		Strategic Greece	https://www.warzone.com/MultiPlayer?GameID=15873810	2018-06-21 00:31:05+00:00	TheEnigma	1780744290					ChrisCMU	999878954				
CL10		Strategic Greece	https://www.warzone.com/MultiPlayer?GameID=15873811	2018-06-21 00:31:06+00:00	d-ceo	2722930605					Mictlantecuhtli	4137758636				
CL10		Szeurope 	https://www.warzone.com/MultiPlayer?GameID=15375964	2018-04-08 05:07:17+00:00	Timinator ‚Ä¢ apex	816809922	Xenophon	3262000156			hobo	239359818	Digital	647163012		
CL10		Szeurope 	https://www.warzone.com/MultiPlayer?GameID=15375965	2018-04-08 05:07:20+00:00	Mike |GG|	369204969	JV	8019640756			Memele	2914532409	FiveStarGeneral	3388515225		
CL10		Szeurope 	https://www.warzone.com/MultiPlayer?GameID=15375966	2018-04-08 05:07:23+00:00	Juan	6649400248	90 \(¬∫¬∫)/	7652362021			Odin	868774213	(deleted)	6559504553		
CL10		Szeurope 	https://www.warzone.com/MultiPlayer?GameID=15375984	2018-04-08 05:11:17+00:00	Derfellios	6146168723	ARand0mPlayer	7710521647			ChrisCMU	999878954	Mirror	9712178793		
CL10		Szeurope 	https://www.warzone.com/MultiPlayer?GameID=15375985	2018-04-08 05:11:20+00:00	‚îÇ [20] ‚îÇMASTER‚îÇ Rikku ‚îÇ I love my wife ‚îÇ ‚Ä¢ apex ‚îÇ	2969075806	Zero2	8674228249			Gus squared	8061186947	(deleted)	9673505981		
CL10		Szeurope 	https://www.warzone.com/MultiPlayer?GameID=15375986	2018-04-08 05:11:23+00:00	rakleader	8136895102	<SNinja> kirbyBIGRIG	8818886504			MGO	2791412802	MrTrolldemort	4290937787		
CL10		Szeurope 	https://www.warzone.com/MultiPlayer?GameID=15375998	2018-04-08 05:13:03+00:00	Gustaf Mannerheim	3947858935	Arcturus	9267488702			shark65	7132302344	Ban Robisa	7329515641		
CL10		Szeurope 	https://www.warzone.com/MultiPlayer?GameID=15375999	2018-04-08 05:13:06+00:00	Butt Schaender	4558425202	Terence Kill	9155219717			SexMachineRJ	277806791	Almir	3523197766		
CL10		Szeurope 	https://www.warzone.com/MultiPlayer?GameID=15376000	2018-04-08 05:13:09+00:00	davidhmtk	8322209125	SubLunar Unit	9755066413			Gajda	361188929	Piper	453863731		
CL10		Szeurope 	https://www.warzone.com/MultiPlayer?GameID=15376001	2018-04-08 05:13:10+00:00	Gustaf Mannerheim	3947858935	Arcturus	9267488702			Gajda	361188929	Piper	453863731		
CL10		Szeurope 	https://www.warzone.com/MultiPlayer?GameID=15376003	2018-04-08 05:13:11+00:00	davidhmtk	8322209125	SubLunar Unit	9755066413			SexMachineRJ	277806791	Almir	3523197766		
CL10		Szeurope 	https://www.warzone.com/MultiPlayer?GameID=15376004	2018-04-08 05:13:12+00:00	Butt Schaender	4558425202	Terence Kill	9155219717			shark65	7132302344	Ban Robisa	7329515641		
CL10		Szeurope 	https://www.warzone.com/MultiPlayer?GameID=15376018	2018-04-08 05:14:51+00:00	Redonis„Äêùìíùì°ùìîùì¶„Äë	1890324394	John John Johnson	6684886789			The Shots	5345602099	Garlikid D. Ven	6351401628		
CL10		Szeurope 	https://www.warzone.com/MultiPlayer?GameID=15376019	2018-04-08 05:14:53+00:00	biggreen15	828711391	JT	6611562592			Wesley	2458355606	Bman34	6682575895		
CL10		Szeurope 	https://www.warzone.com/MultiPlayer?GameID=15376020	2018-04-08 05:14:56+00:00	TurboTT117	3223047956	AlexB	7637725952			Sakata Gintoki	1388752514	Parish75	7488609795		
CL10		Szeurope 	https://www.warzone.com/MultiPlayer?GameID=15376021	2018-04-08 05:14:58+00:00	[V.I.W] recruiting time! Join us !	798256841	bliss machine	5271364445			The Shots	5345602099	Garlikid D. Ven	6351401628		
CL10		Szeurope 	https://www.warzone.com/MultiPlayer?GameID=15376022	2018-04-08 05:14:59+00:00	Sakata Gintoki	1388752514	Parish75	7488609795			Wesley	2458355606	Bman34	6682575895		
CL10		Szeurope 	https://www.warzone.com/MultiPlayer?GameID=15376023	2018-04-08 05:15:01+00:00	Redonis„Äêùìíùì°ùìîùì¶„Äë	1890324394	John John Johnson	6684886789			TurboTT117	3223047956	AlexB	7637725952		
CL10		Szeurope 	https://www.warzone.com/MultiPlayer?GameID=15376037	2018-04-08 05:16:18+00:00	mslasm	3748059257	Not Tito	7888612721			Shefs	819857662	Silas	4222378146		
CL10		Szeurope 	https://www.warzone.com/MultiPlayer?GameID=15376038	2018-04-08 05:16:21+00:00	Devean	185289927	{rp} Napol√©on	3612612583			Alex Trevell	829816326	bruce200	983846388		
CL10		Szeurope 	https://www.warzone.com/MultiPlayer?GameID=15376040	2018-04-08 05:16:23+00:00	SeruM	622380068	Master Cowboy	9374434686			Defender	4270960186	burninator	5175705715		
CL10		Szeurope 	https://www.warzone.com/MultiPlayer?GameID=15376041	2018-04-08 05:16:24+00:00	Defender	4270960186	burninator	5175705715			mslasm	3748059257	Not Tito	7888612721		
CL10		Szeurope 	https://www.warzone.com/MultiPlayer?GameID=15376042	2018-04-08 05:16:25+00:00	SeruM	622380068	Master Cowboy	9374434686			Devean	185289927	{rp} Napol√©on	3612612583		
CL10		Szeurope 	https://www.warzone.com/MultiPlayer?GameID=15376043	2018-04-08 05:16:26+00:00	Shefs	819857662	Silas	4222378146			Alex Trevell	829816326	bruce200	983846388		
CL10		Szeurope 	https://www.warzone.com/MultiPlayer?GameID=15540376	2018-05-02 01:39:28+00:00	Buns157	8039234532	Nackickwind	9847055537			Timinator ‚Ä¢ apex	816809922	Xenophon	3262000156		
CL10		Szeurope 	https://www.warzone.com/MultiPlayer?GameID=15540377	2018-05-02 01:39:29+00:00	hobo	239359818	Digital	647163012			Mike |GG|	369204969	JV	8019640756		
CL10		Szeurope 	https://www.warzone.com/MultiPlayer?GameID=15540378	2018-05-02 01:39:31+00:00	Memele	2914532409	FiveStarGeneral	3388515225			Odin	868774213	(deleted)	6559504553		
CL10		Szeurope 	https://www.warzone.com/MultiPlayer?GameID=15540383	2018-05-02 01:40:12+00:00	MGO	2791412802	MrTrolldemort	4290937787			Derfellios	6146168723	ARand0mPlayer	7710521647		
CL10		Szeurope 	https://www.warzone.com/MultiPlayer?GameID=15540384	2018-05-02 01:40:14+00:00	rakleader	8136895102	<SNinja> kirbyBIGRIG	8818886504			‚îÇ [20] ‚îÇMASTER‚îÇ Rikku ‚îÇ I love my wife ‚îÇ ‚Ä¢ apex ‚îÇ	2969075806	Zero2	8674228249		
CL10		Szeurope 	https://www.warzone.com/MultiPlayer?GameID=15540385	2018-05-02 01:40:15+00:00	ChrisCMU	999878954	Mirror	9712178793			Gus squared	8061186947	(deleted)	9673505981		
CL10		Szeurope 	https://www.warzone.com/MultiPlayer?GameID=15540392	2018-05-02 01:40:53+00:00	davidhmtk	8322209125	SubLunar Unit	9755066413			Gustaf Mannerheim	3947858935	Arcturus	9267488702		
CL10		Szeurope 	https://www.warzone.com/MultiPlayer?GameID=15540393	2018-05-02 01:40:54+00:00	Gajda	361188929	Piper	453863731			Butt Schaender	4558425202	Terence Kill	9155219717		
CL10		Szeurope 	https://www.warzone.com/MultiPlayer?GameID=15540394	2018-05-02 01:40:55+00:00	SexMachineRJ	277806791	Almir	3523197766			shark65	7132302344	Ban Robisa	7329515641		
CL10		Szeurope 	https://www.warzone.com/MultiPlayer?GameID=15540395	2018-05-02 01:40:56+00:00	Gustaf Mannerheim	3947858935	Arcturus	9267488702			SexMachineRJ	277806791	Almir	3523197766		
CL10		Szeurope 	https://www.warzone.com/MultiPlayer?GameID=15540396	2018-05-02 01:40:57+00:00	Gajda	361188929	Piper	453863731			shark65	7132302344	Ban Robisa	7329515641		
CL10		Szeurope 	https://www.warzone.com/MultiPlayer?GameID=15540397	2018-05-02 01:40:58+00:00	Butt Schaender	4558425202	Terence Kill	9155219717			davidhmtk	8322209125	SubLunar Unit	9755066413		
CL10		Szeurope 	https://www.warzone.com/MultiPlayer?GameID=15540405	2018-05-02 01:41:30+00:00	Sakata Gintoki	1388752514	Parish75	7488609795			The Shots	5345602099	Garlikid D. Ven	6351401628		
CL10		Szeurope 	https://www.warzone.com/MultiPlayer?GameID=15540408	2018-05-02 01:41:31+00:00	TurboTT117	3223047956	AlexB	7637725952			[V.I.W] recruiting time! Join us !	798256841	bliss machine	5271364445		
CL10		Szeurope 	https://www.warzone.com/MultiPlayer?GameID=15540413	2018-05-02 01:41:32+00:00	biggreen15	828711391	JT	6611562592			Redonis„Äêùìíùì°ùìîùì¶„Äë	1890324394	John John Johnson	6684886789		
CL10		Szeurope 	https://www.warzone.com/MultiPlayer?GameID=15540414	2018-05-02 01:41:33+00:00	The Shots	5345602099	Garlikid D. Ven	6351401628			biggreen15	828711391	JT	6611562592		
CL10		Szeurope 	https://www.warzone.com/MultiPlayer?GameID=15540415	2018-05-02 01:41:34+00:00	TurboTT117	3223047956	AlexB	7637725952			Wesley	2458355606	Bman34	6682575895		
CL10		Szeurope 	https://www.warzone.com/MultiPlayer?GameID=15540416	2018-05-02 01:41:35+00:00	[V.I.W] recruiting time! Join us !	798256841	bliss machine	5271364445			Sakata Gintoki	1388752514	Parish75	7488609795		
CL10		Szeurope 	https://www.warzone.com/MultiPlayer?GameID=15540425	2018-05-02 01:42:21+00:00	mslasm	3748059257	Not Tito	7888612721			Alex Trevell	829816326	bruce200	983846388		
CL10		Szeurope 	https://www.warzone.com/MultiPlayer?GameID=15540426	2018-05-02 01:42:22+00:00	SeruM	622380068	Master Cowboy	9374434686			Shefs	819857662	Silas	4222378146		
CL10		Szeurope 	https://www.warzone.com/MultiPlayer?GameID=15540427	2018-05-02 01:42:23+00:00	Defender	4270960186	burninator	5175705715			Devean	185289927	{rp} Napol√©on	3612612583		
CL10		Szeurope 	https://www.warzone.com/MultiPlayer?GameID=15540428	2018-05-02 01:42:24+00:00	SeruM	622380068	Master Cowboy	9374434686			mslasm	3748059257	Not Tito	7888612721		
CL10		Szeurope 	https://www.warzone.com/MultiPlayer?GameID=15540429	2018-05-02 01:42:25+00:00	Defender	4270960186	burninator	5175705715			Alex Trevell	829816326	bruce200	983846388		
CL10		Szeurope 	https://www.warzone.com/MultiPlayer?GameID=15540430	2018-05-02 01:42:26+00:00	Shefs	819857662	Silas	4222378146			Devean	185289927	{rp} Napol√©on	3612612583		
CL10		Szeurope 	https://www.warzone.com/MultiPlayer?GameID=15710502	2018-05-27 01:52:23+00:00	Memele	2914532409	FiveStarGeneral	3388515225			hobo	239359818	Digital	647163012		
CL10		Szeurope 	https://www.warzone.com/MultiPlayer?GameID=15710503	2018-05-27 01:52:24+00:00	Buns157	8039234532	Nackickwind	9847055537			Odin	868774213	(deleted)	6559504553		
CL10		Szeurope 	https://www.warzone.com/MultiPlayer?GameID=15710504	2018-05-27 01:52:25+00:00	Juan	6649400248	90 \(¬∫¬∫)/	7652362021			Mike |GG|	369204969	JV	8019640756		
CL10		Szeurope 	https://www.warzone.com/MultiPlayer?GameID=15710510	2018-05-27 01:53:34+00:00	Derfellios	6146168723	ARand0mPlayer	7710521647			‚îÇ [20] ‚îÇMASTER‚îÇ Rikku ‚îÇ I love my wife ‚îÇ ‚Ä¢ apex ‚îÇ	2969075806	Zero2	8674228249		
CL10		Szeurope 	https://www.warzone.com/MultiPlayer?GameID=15710511	2018-05-27 01:53:35+00:00	ChrisCMU	999878954	Mirror	9712178793			MGO	2791412802	MrTrolldemort	4290937787		
CL10		Szeurope 	https://www.warzone.com/MultiPlayer?GameID=15710512	2018-05-27 01:53:36+00:00	rakleader	8136895102	<SNinja> kirbyBIGRIG	8818886504			Gus squared	8061186947	(deleted)	9673505981		
CL10		Szeurope 	https://www.warzone.com/MultiPlayer?GameID=15710517	2018-05-27 01:54:20+00:00	Gustaf Mannerheim	3947858935	Arcturus	9267488702			Butt Schaender	4558425202	Terence Kill	9155219717		
CL10		Szeurope 	https://www.warzone.com/MultiPlayer?GameID=15710518	2018-05-27 01:54:21+00:00	davidhmtk	8322209125	SubLunar Unit	9755066413			shark65	7132302344	Ban Robisa	7329515641		
CL10		Szeurope 	https://www.warzone.com/MultiPlayer?GameID=15710519	2018-05-27 01:54:22+00:00	Gajda	361188929	Piper	453863731			SexMachineRJ	277806791	Almir	3523197766		
CL10		Szeurope 	https://www.warzone.com/MultiPlayer?GameID=15710527	2018-05-27 01:54:54+00:00	[V.I.W] recruiting time! Join us !	798256841	bliss machine	5271364445			Wesley	2458355606	Bman34	6682575895		
CL10		Szeurope 	https://www.warzone.com/MultiPlayer?GameID=15710528	2018-05-27 01:54:55+00:00	The Shots	5345602099	Garlikid D. Ven	6351401628			TurboTT117	3223047956	AlexB	7637725952		
CL10		Szeurope 	https://www.warzone.com/MultiPlayer?GameID=15710537	2018-05-27 01:55:23+00:00	mslasm	3748059257	Not Tito	7888612721			Devean	185289927	{rp} Napol√©on	3612612583		
CL10		Szeurope 	https://www.warzone.com/MultiPlayer?GameID=15710538	2018-05-27 01:55:24+00:00	Defender	4270960186	burninator	5175705715			Shefs	819857662	Silas	4222378146		
CL10		Szeurope 	https://www.warzone.com/MultiPlayer?GameID=15710539	2018-05-27 01:55:25+00:00	SeruM	622380068	Master Cowboy	9374434686			Alex Trevell	829816326	bruce200	983846388		
CL10		Szeurope 	https://www.warzone.com/MultiPlayer?GameID=15873802	2018-06-21 00:30:15+00:00	Mike |GG|	369204969	JV	8019640756			Timinator ‚Ä¢ apex	816809922	Xenophon	3262000156		
CL10		Szeurope 	https://www.warzone.com/MultiPlayer?GameID=15873803	2018-06-21 00:30:16+00:00	Juan	6649400248	90 \(¬∫¬∫)/	7652362021			Buns157	8039234532	Nackickwind	9847055537		
CL10		Szeurope 	https://www.warzone.com/MultiPlayer?GameID=15873804	2018-06-21 00:30:17+00:00	Odin	868774213	(deleted)	6559504553			hobo	239359818	Digital	647163012		
CL10		Szeurope 	https://www.warzone.com/MultiPlayer?GameID=15873812	2018-06-21 00:31:07+00:00	Derfellios	6146168723	ARand0mPlayer	7710521647			rakleader	8136895102	<SNinja> kirbyBIGRIG	8818886504		
CL10		Szeurope 	https://www.warzone.com/MultiPlayer?GameID=15873813	2018-06-21 00:31:08+00:00	Gus squared	8061186947	(deleted)	9673505981			MGO	2791412802	MrTrolldemort	4290937787		
CL10		Szeurope 	https://www.warzone.com/MultiPlayer?GameID=15873814	2018-06-21 00:31:09+00:00	ChrisCMU	999878954	Mirror	9712178793			‚îÇ [20] ‚îÇMASTER‚îÇ Rikku ‚îÇ I love my wife ‚îÇ ‚Ä¢ apex ‚îÇ	2969075806	Zero2	8674228249		
CL10		Szeurope 	https://www.warzone.com/MultiPlayer?GameID=15873821	2018-06-21 00:31:24+00:00	The Shots	5345602099	Garlikid D. Ven	6351401628			Wesley	2458355606	Bman34	6682575895		
CL10		Volcano Islands	https://www.warzone.com/MultiPlayer?GameID=15409883	2018-04-13 00:55:07+00:00	master of desaster	2214950915	Xenophon	3262000156			Bonsai	5654719779	aoc	7664725930		
CL10		Volcano Islands	https://www.warzone.com/MultiPlayer?GameID=15409884	2018-04-13 00:55:10+00:00	Ipsimus	1870288072	FiveStarGeneral	3388515225			AWESOMEGUY	796423469	Corn Silver	3970925856		
CL10		Volcano Islands	https://www.warzone.com/MultiPlayer?GameID=15409885	2018-04-13 00:55:13+00:00	Digital	647163012	Cluster	7010496305			steve1513	6223247596	DemHunt(UA)	7312551107		
CL10		Volcano Islands	https://www.warzone.com/MultiPlayer?GameID=15409895	2018-04-13 00:56:27+00:00	beerisfood	245860247	d-ceo	2722930605			Hunta	789393739	Sebus Maximus	3510836362		
CL10		Volcano Islands	https://www.warzone.com/MultiPlayer?GameID=15409896	2018-04-13 00:56:29+00:00	JuOx	376788975	Jackie Treehorn	637758013			Eliziejaus laukai	6173151655	NanoMidget„Äêùìíùì°ùìîùì¶„Äë	9588129390		
CL10		Volcano Islands	https://www.warzone.com/MultiPlayer?GameID=15409897	2018-04-13 00:56:33+00:00	Super Smoove	4555082823	Mirror	9712178793			Ikillu	8324803103	Zero2	8674228249		
CL10		Volcano Islands	https://www.warzone.com/MultiPlayer?GameID=15580807	2018-05-08 02:42:03+00:00	Digital	647163012	Cluster	7010496305			Ipsimus	1870288072	FiveStarGeneral	3388515225		
CL10		Volcano Islands	https://www.warzone.com/MultiPlayer?GameID=15580809	2018-05-08 02:42:05+00:00	AWESOMEGUY	796423469	Corn Silver	3970925856			EZPickens	55998716	Ko	7818276235		
CL10		Volcano Islands	https://www.warzone.com/MultiPlayer?GameID=15580811	2018-05-08 02:43:25+00:00	Super Smoove	4555082823	Mirror	9712178793			Hunta	789393739	Sebus Maximus	3510836362		
CL10		Volcano Islands	https://www.warzone.com/MultiPlayer?GameID=15580812	2018-05-08 02:43:26+00:00	JuOx	376788975	Jackie Treehorn	637758013			Ikillu	8324803103	Zero2	8674228249		
CL10		Volcano Islands	https://www.warzone.com/MultiPlayer?GameID=15751479	2018-06-02 01:19:06+00:00	master of desaster	2214950915	Xenophon	3262000156			Digital	647163012	Cluster	7010496305		
CL10		Volcano Islands	https://www.warzone.com/MultiPlayer?GameID=15751480	2018-06-02 01:19:07+00:00	Ipsimus	1870288072	FiveStarGeneral	3388515225			EZPickens	55998716	Ko	7818276235		
CL10		Volcano Islands	https://www.warzone.com/MultiPlayer?GameID=15751484	2018-06-02 01:20:14+00:00	Hunta	789393739	Sebus Maximus	3510836362			TableTrivia	2931761975	NanoMidget„Äêùìíùì°ùìîùì¶„Äë	9588129390		
CL10		Volcano Islands	https://www.warzone.com/MultiPlayer?GameID=15751485	2018-06-02 01:20:16+00:00	beerisfood	245860247	d-ceo	2722930605			Ikillu	8324803103	Zero2	8674228249		
CL10		Volcano Islands	https://www.warzone.com/MultiPlayer?GameID=15751486	2018-06-02 01:20:17+00:00	Super Smoove	4555082823	Mirror	9712178793			JuOx	376788975	Jackie Treehorn	637758013		